id;email;data;anotacoes
1;Ubaldo_Cartwright@yahoo.com;2024-08-08T16:35:56;physically
2;Constance_Kris84@yahoo.com;2024-08-08T05:14:27;mockingly geez perky
3;Neva.Reilly@yahoo.com;2024-08-08T21:48:40;struggle
4;David.Fahey-Crona@gmail.com;2024-08-08T23:25:56;bleat
5;Judson61@yahoo.com;2024-08-08T10:51:19;incidentally decipher safe
6;Kailyn_Balistreri61@gmail.com;2024-08-08T16:24:46;authentic defiantly huzzah
7;Bailey_Blick66@hotmail.com;2024-08-08T11:03:48;yum meh furthermore
8;Ron_Johns@gmail.com;2024-08-08T22:38:00;lovingly burdensome
9;Margie_Schimmel91@yahoo.com;2024-08-08T18:54:10;crossly pillory
10;Melany.Stamm@hotmail.com;2024-08-08T11:01:21;appreciation nun cultivator
